Feature,Importance,Importance_sd
Fe,2.656027145480084,0.9217935160914823
SOM,1.3774900358901578,0.5860336254759271
log_T_Cd,0.9851052064528653,1.4594478304331933
Method,0.5759823755400952,0.31147132166038827
Type,0.34863871941220026,0.18866227073554193
Clay,0.2639698855342805,0.2121033787636712
Sand,0.19987313179438904,0.8355246505061769
Silt,0.1359150759090377,0.39343258052168834
pH,-0.3176578250105054,0.2890505254927357
