Feature,Importance_mean,Importance_std
Fe,2.544884509502594,0.6827545888073742
SOM,1.2131110197770254,0.5330006978928731
log_T_Cd,0.8936192147140236,1.0289435023705573
Clay,0.7347133533518514,0.29249783855207584
Method,0.6585260950557669,0.5380821722267327
Sand,0.5735455220233383,0.797996143016349
Type,0.46893258964246626,0.28122359663630586
Silt,0.283462350806415,0.47872150657185875
pH,-0.09271767347867042,0.2503747306746708
