Factor,Test,H_statistic,p_value
Method,Kruskal-Wallis,20.83689466639853,0.00034114017371583423
Type,Kruskal-Wallis,10.343054005520047,0.015864236636364725
