Feature_group,Model,MAE_mean,MAE_sd,RMSE_mean,RMSE_sd,R2_mean,R2_sd
Total-Cd-only,Ridge Regression,21.97536021062964,2.4839415557176245,25.949009663139908,2.65381119091628,0.1049905829236363,0.07172888535536602
Total-Cd-only,Random Forest,21.55282871791124,2.999788760877191,26.454915435956632,3.610880963284922,0.07129307744909834,0.13341391700289287
Total-Cd-only,Gradient Boosting,20.94868093260046,2.431955576292368,27.06699362734953,3.4828472186555786,0.02755315653892527,0.12557323565105075
Full-feature,Ridge Regression,19.91441909160096,1.7724887939720648,24.59421112269913,2.035305061756213,0.19486963419741554,0.03542264258477026
Full-feature,Random Forest,16.378512157701866,3.191153224228001,20.534010919314415,3.7723408140829258,0.4381682017573378,0.1386159463113557
Full-feature,Gradient Boosting,16.561027183496712,3.1149936601009687,21.182560092066403,4.383871114451838,0.39184089804573147,0.19881037679560318
