Model,MAE_mean,MAE_sd,RMSE_mean,RMSE_sd,R2_mean,R2_sd
Ridge Regression,19.91441909160096,1.7724887939720648,24.59421112269913,2.035305061756213,0.19486963419741554,0.03542264258477026
Random Forest,16.378512157701866,3.191153224228001,20.534010919314415,3.7723408140829258,0.4381682017573378,0.1386159463113557
Gradient Boosting,16.561027183496712,3.1149936601009687,21.182560092066403,4.383871114451838,0.39184089804573147,0.19881037679560318
